<?xml version="1.0" encoding="UTF-8"?>
<files>
  <file name="Super Mario 64 (USA).n64" source="original">
    <mtime>1691019945</mtime>
    <size>8388608</size>
    <md5>165a9558b7539507e73e7afecffb200c</md5>
    <crc32>42c43204</crc32>
    <sha1>1002dd7b56aa0a59a9103f1fb3d57d6b161f8da7</sha1>
    <format>Unknown</format>
    <viruscheck>1691020307</viruscheck>
  </file>
  <file name="super-mario-64_n64_archive.torrent" source="metadata">
    <btih>f3d3cfa5bf6b1bd05513405061b5cf4734ffff76</btih>
    <mtime>1731986675</mtime>
    <size>2035</size>
    <md5>e64901cbb14223f19e2a76ea10b5c53f</md5>
    <crc32>bfd67fc9</crc32>
    <sha1>dc8562746795b28f44db8a9a048f0ebaed04f6f4</sha1>
    <format>Archive BitTorrent</format>
  </file>
  <file name="super-mario-64_n64_files.xml" source="original">
    <format>Metadata</format>
    <md5>9ee8e0750a2eccf5709b9f2c74ab3821</md5>
    <summation>md5</summation>
  </file>
  <file name="super-mario-64_n64_meta.sqlite" source="original">
    <mtime>1691019982</mtime>
    <size>24576</size>
    <md5>52c1c57233aab86487862b71172d2207</md5>
    <crc32>8ea9a844</crc32>
    <sha1>9400754cf55f6bb4949fdaad2c9a2dfa9e5959c0</sha1>
    <format>Metadata</format>
  </file>
  <file name="super-mario-64_n64_meta.xml" source="original">
    <mtime>1699728145</mtime>
    <size>2692</size>
    <md5>7df3526b756c93832ec5cb41fd133a83</md5>
    <crc32>6de9c636</crc32>
    <sha1>8a37bd9379c7d741faf2dc24a4153d499f00472a</sha1>
    <format>Metadata</format>
  </file>
</files>
